Hours Studied,Previous Scores,Extracurricular Activities,Sleep Hours,Sample Question Papers Practiced,Performance Index,predictions
7,43,Yes,4,1,34,32.22533333333333
2,97,Yes,9,7,78,74.14
3,52,No,7,4,34,32.7
5,74,No,9,4,58,61.85
5,95,Yes,5,7,82,82.02
9,83,No,9,7,83,83.06
6,97,No,7,0,87,87.27
3,88,Yes,8,6,72,70.46166666666667
8,61,Yes,6,4,57,54.53666666666667
8,71,Yes,4,8,67,66.45
5,81,No,4,4,67,66.53383333333333
2,86,No,9,7,64,63.51
7,53,No,4,6,41,42.829333333333345
9,42,No,5,0,37,38.101333333333336
4,89,No,7,4,73,73.55
6,76,Yes,8,1,67,64.855
3,84,No,9,0,64,64.3
7,58,No,5,9,49,48.81
9,41,No,7,5,40,37.8
7,70,Yes,4,1,58,59.9
7,43,Yes,6,8,35,34.04
5,87,Yes,9,5,75,74.28
3,84,No,6,4,67,62.89083333333334
2,51,Yes,4,3,24,25.883333333333336
8,68,No,8,2,62,63.512
8,79,Yes,6,8,71,74.39916666666667
1,71,Yes,5,0,45,44.34
7,65,Yes,6,3,55,57.54
6,96,No,5,7,85,84.42
4,77,No,4,5,54,58.8875
1,71,No,7,9,46,47.8
2,57,No,6,3,30,34.02833333333333
6,98,No,4,4,84,87.05333333333334
5,40,Yes,5,8,24,24.98
7,56,No,9,5,48,48.805
3,73,No,8,0,54,52.2
9,60,Yes,7,7,60,57.833666666666666
4,59,Yes,8,0,42,41.77
8,52,No,8,5,43,48.03866666666666
4,60,No,9,6,45,44.62
6,56,No,7,6,48,44.86
9,85,Yes,9,6,85,85.12333333333333
1,57,No,4,6,27,33.156666666666666
9,88,Yes,6,2,83,85.04
5,62,No,9,1,43,47.46
6,92,Yes,9,7,80,82.12
5,64,Yes,4,0,50,49.29
3,96,No,5,5,74,76.51333333333334
3,91,No,5,7,76,70.85
4,51,No,8,3,32,33.49783333333333
9,40,No,5,8,37,35.09
9,62,Yes,5,3,60,57.8925
2,75,No,4,6,49,50.96
5,70,No,4,4,57,54.15
1,77,Yes,6,6,52,52.62
9,59,No,5,3,53,52.51333333333334
9,73,No,6,9,71,69.77
2,69,Yes,6,7,46,46.714
5,91,Yes,7,8,77,76.55
5,66,No,5,0,50,50.7
3,89,Yes,7,8,74,68.875
6,63,Yes,4,6,50,50.04833333333334
7,84,Yes,4,7,74,75.528
8,87,Yes,8,4,81,84.54
7,54,No,5,8,47,43.69499999999999
3,97,Yes,9,1,80,79.055
5,92,No,5,2,77,77.54
2,66,No,6,6,44,41.9
8,52,No,5,2,45,45.72
8,97,No,7,9,94,93.06666666666668
1,81,No,7,0,59,55.70958333333334
3,70,No,5,1,49,48.12
4,75,No,5,0,56,56.5
3,60,Yes,4,6,38,37.19
4,52,No,5,3,35,33.08
6,97,Yes,9,2,90,87.88
5,54,No,8,6,37,41.32
6,46,Yes,4,4,36,31.96
1,79,Yes,5,8,55,54.81
2,71,No,6,3,46,47.382666666666665
7,44,No,4,7,30,33.48
6,54,Yes,9,6,47,44.06083333333333
2,92,No,9,0,69,68.9305
5,60,Yes,8,5,47,47.04833333333334
6,66,No,6,9,56,56.35
1,46,No,5,0,19,18.174166666666665
2,46,No,6,1,22,21.13
8,98,No,4,9,94,93.45
1,95,Yes,9,0,68,69.80133333333332
3,40,No,4,7,17,19.049666666666667
9,93,Yes,4,0,91,89.898
9,87,No,7,9,86,86.79
6,66,Yes,8,1,55,54.12
1,86,Yes,5,4,62,59.452333333333335
7,55,No,5,2,42,43.43
9,66,No,4,0,61,58.65
4,69,Yes,8,6,55,54.1
9,87,Yes,8,9,89,85.88
1,73,No,8,7,46,48.76
1,58,No,6,8,34,33.52
8,40,No,6,3,31,31.13
9,96,Yes,9,1,94,95.41
8,45,No,6,4,40,38.45857142857143
8,56,Yes,6,1,46,48.36
4,85,Yes,8,4,69,66.385
6,45,No,8,8,35,32.97
7,61,No,8,0,53,53.18666666666666
2,85,Yes,5,7,64,63.68
1,46,No,9,8,17,22.2
9,66,No,9,6,65,64.72833333333332
3,93,No,7,7,78,73.47
6,66,Yes,5,9,59,56.03
1,87,Yes,9,8,62,63.49
6,86,Yes,4,4,77,74.98333333333333
6,45,No,4,4,34,32.76
9,82,Yes,7,8,83,80.826
2,52,Yes,7,3,28,27.26
6,68,No,9,6,56,59.21
2,78,Yes,8,8,60,54.81933333333334
2,42,No,9,2,20,18.76
8,65,Yes,4,2,58,58.54
1,99,No,7,5,76,73.48533333333333
3,84,Yes,8,5,68,66.01
1,87,Yes,9,6,63,63.72016666666667
1,82,No,5,8,59,55.79
9,82,No,7,6,80,79.48
3,45,Yes,9,2,26,24.727666666666664
4,94,Yes,4,3,79,75.265
2,97,Yes,5,5,74,75.34166666666667
5,89,Yes,6,7,77,74.51
7,71,No,6,8,62,63.695
8,65,No,6,5,59,59.69
6,97,Yes,8,1,86,87.594
7,86,Yes,8,2,78,77.24
3,44,No,8,8,24,25.76
8,62,Yes,6,1,58,56.66
1,40,Yes,8,8,15,16.34
1,98,No,8,9,70,74.81666666666666
9,66,No,9,0,65,62.9
6,76,Yes,4,6,63,65.41
6,66,Yes,4,8,54,55.4
5,44,No,7,1,30,28.79933333333333
9,77,Yes,7,5,77,74.2885
6,48,Yes,5,6,36,36.425
3,45,No,9,5,26,25.759333333333334
8,52,No,6,0,43,46.18
6,48,No,7,4,38,35.967499999999994
2,90,Yes,9,9,70,69.57192857142857
5,56,Yes,9,6,46,43.333
1,72,Yes,5,8,45,46.94666666666667
5,87,Yes,5,1,71,72.33833333333332
8,47,No,4,9,40,39.19
2,53,No,9,3,31,30.88666666666667
4,95,Yes,5,8,79,76.46
2,84,Yes,6,5,61,61.91
1,84,Yes,8,7,61,58.66
6,73,Yes,9,6,65,63.29166666666666
1,96,No,8,7,72,72.73333333333333
1,55,No,6,2,28,27.685
7,96,Yes,5,5,88,85.084
5,74,Yes,6,5,61,59.405
8,49,Yes,4,3,42,42.46
2,54,No,7,4,34,29.32
5,40,No,4,5,26,25.090666666666667
7,49,No,7,8,37,41.04
2,52,Yes,8,8,33,28.8
6,45,Yes,5,3,36,31.71
6,75,No,9,2,66,64.135
7,64,No,6,3,56,54.393
7,64,Yes,8,0,55,55.287833333333346
9,62,Yes,5,6,59,58.6
2,59,Yes,4,2,36,35.205
8,88,Yes,5,2,82,81.8875
3,66,Yes,7,9,44,44.9485
3,83,No,6,2,66,63.48
7,52,No,5,2,43,41.83116666666667
2,50,No,6,2,26,25.87
6,44,Yes,5,6,33,32.146
5,94,No,8,3,84,80.15
1,48,No,9,5,22,23.55
8,57,Yes,7,6,54,52.62
9,69,No,4,2,65,64.52
3,86,Yes,4,1,67,66.36
3,51,No,7,6,34,29.04
7,85,No,8,7,77,77.54133333333333
8,54,No,4,6,47,45.68333333333334
4,53,No,5,0,32,34.516666666666666
9,82,No,5,3,78,79.76350000000001
3,63,No,8,6,44,43.95
8,91,No,9,5,90,85.7
4,88,Yes,9,7,73,72.91
9,43,No,7,4,39,40.215
4,58,Yes,9,7,41,43.02
1,67,Yes,8,7,45,41.67
8,53,Yes,6,4,48,46.38
1,88,Yes,4,5,64,62.42
6,65,No,4,3,52,52.81866666666666
3,54,Yes,6,6,34,35.470333333333336
6,78,Yes,5,3,68,67.78
3,86,Yes,5,1,63,66.67
8,82,No,5,8,75,76.43
9,47,No,4,0,41,42.7
8,97,No,6,3,94,89.42
1,93,No,7,3,69,66.97666666666666
6,86,Yes,4,2,73,74.32249999999999
8,56,No,5,4,52,50.0925
7,67,Yes,5,0,59,57.8
2,96,Yes,6,7,72,75.97166666666666
7,47,Yes,8,6,37,39.54416666666667
9,63,No,8,9,62,59.89591666666667
5,84,Yes,9,6,73,73.81
7,79,No,5,9,71,69.31
7,93,Yes,5,7,83,86.66
4,81,No,4,6,56,63.461309523809526
4,45,No,6,8,29,27.58
9,57,Yes,4,8,52,54.5145
5,99,Yes,4,0,86,82.51
1,76,Yes,4,5,48,49.76
7,73,No,8,1,65,63.70333333333334
5,70,No,5,3,57,53.84
5,46,Yes,7,8,36,32.61
2,86,Yes,6,2,65,61.91
3,73,Yes,5,9,52,50.95
5,60,Yes,6,9,48,45.93500000000001
6,47,No,4,2,33,34.53
4,92,No,8,5,76,77.0075
4,81,Yes,6,3,65,63.14
8,98,Yes,8,2,92,94.4
5,84,No,8,0,70,70.8
8,93,Yes,6,2,84,87.92
5,94,No,9,2,84,79.965
6,47,No,6,7,34,35.385
9,68,No,9,3,64,65.77666666666667
9,53,No,5,1,47,46.974333333333334
6,72,Yes,4,9,61,60.67430952380953
1,54,Yes,5,4,26,27.83
2,48,No,9,9,29,23.64
9,82,No,9,4,80,80.27
5,84,Yes,4,2,73,69.6275
4,91,No,8,0,73,75.39
1,92,Yes,9,7,69,68.55666666666667
9,40,Yes,5,3,37,38.1
1,49,No,5,6,25,22.28
8,48,No,6,4,41,40.78
3,48,Yes,5,1,27,27.325
7,74,No,8,9,66,68.096
7,66,No,7,3,59,56.29
7,61,Yes,6,8,54,54.121333333333325
8,95,Yes,6,6,89,88.47566666666667
2,90,No,9,7,70,68.63892857142856
2,64,No,6,5,42,41.41
9,44,No,5,7,43,38.861333333333334
3,48,Yes,9,7,25,30.415
6,42,No,9,5,31,29.45
4,63,Yes,5,9,47,46.64666666666666
8,45,No,4,8,37,37.49
1,72,Yes,8,1,45,46.68
3,57,No,6,3,37,35.2
3,94,No,5,6,75,73.96
2,67,No,8,2,44,45.46
1,91,Yes,6,3,65,64.97
3,53,No,6,7,35,32.19
6,43,No,7,1,30,30.94
6,43,Yes,9,3,30,30.872
8,80,Yes,8,1,74,74.46
7,62,Yes,8,0,53,55.16
3,42,Yes,6,2,21,20.37666666666667
8,95,No,9,6,92,91.89
1,57,No,7,6,31,32.8
5,75,Yes,8,1,62,62.31
7,82,No,5,9,74,73.7
3,63,No,4,6,42,40.989
2,88,Yes,5,6,66,65.02833333333334
1,70,No,4,9,46,44.68416666666666
7,97,Yes,5,9,91,89.25
2,73,No,7,1,48,52.01
7,97,No,9,5,90,88.89666666666668
4,55,No,7,0,41,36.83
6,66,No,5,8,54,55.77
9,91,Yes,5,3,88,87.57
7,86,No,9,8,78,80.17166666666667
7,54,No,6,7,44,43.975
1,99,No,6,1,73,71.679
1,63,Yes,8,3,37,36.85883333333333
8,63,Yes,6,3,58,55.775
7,78,Yes,4,6,74,68.79
7,99,Yes,4,0,84,87.87
9,91,Yes,5,1,89,86.84
4,56,No,4,7,36,38.76733333333333
3,65,No,9,1,45,43.24166666666665
6,56,Yes,5,5,41,45.42666666666667
1,98,Yes,5,2,72,72.509
1,55,Yes,8,9,33,33.1225
9,93,No,7,5,92,91.177
6,62,Yes,5,1,48,47.63
2,46,Yes,9,9,28,24.07
2,64,No,7,5,40,41.23
6,62,Yes,8,0,54,47.96333333333333
5,46,Yes,7,9,33,32.73
4,50,Yes,9,3,34,33.795
1,47,No,8,9,24,22.72
1,69,No,7,0,40,43.88
5,65,No,9,6,53,53.53
4,99,No,8,4,84,84.47
4,65,Yes,8,7,48,49.155
4,43,No,6,7,24,26.97
1,68,Yes,5,8,40,42.4
5,68,Yes,7,7,53,54.58333333333334
8,77,No,6,9,69,70.12
9,83,Yes,8,7,83,80.81
1,54,Yes,8,5,28,30.28
5,63,Yes,9,8,53,50.33
4,53,Yes,5,6,41,34.61666666666667
6,89,No,9,2,75,79.72916666666667
6,96,Yes,8,1,88,85.6
5,92,Yes,8,0,79,78.92333333333333
1,91,Yes,9,5,67,66.93066666666667
8,95,Yes,4,6,88,87.17683333333332
5,61,Yes,9,5,47,48.185
8,61,No,6,1,51,53.43333333333334
9,40,No,8,2,39,37.23166666666667
8,66,No,6,8,56,62.35
1,62,Yes,8,9,43,37.14
2,77,No,7,8,52,54.87
6,84,Yes,8,8,76,75.13
4,96,No,7,3,80,76.56
5,90,No,4,5,76,74.74
9,56,Yes,5,4,53,52.25866666666667
9,88,No,7,1,89,85.575
8,88,No,8,2,80,83.64
8,73,No,4,9,68,65.82666666666665
3,87,No,5,8,70,68.245
6,44,No,9,9,34,33.765
2,96,No,8,7,73,74.88
3,52,No,6,7,33,31.85
2,62,Yes,7,9,42,39.7175
7,71,No,4,1,61,62.26
6,90,No,6,3,79,79.47
5,59,No,6,6,41,44.915
8,67,No,6,1,57,61.54033333333333
5,45,Yes,4,0,28,28.52
1,78,No,6,9,50,52.52
3,67,Yes,8,2,49,49.153333333333336
6,63,Yes,6,2,48,52.23
9,78,Yes,7,6,76,75.8955
9,83,No,6,4,82,81.5855
8,73,Yes,4,7,68,66.94
3,63,No,4,2,45,39.79
7,82,No,7,1,74,70.67
3,63,Yes,6,5,43,42.868
1,91,No,7,6,66,64.56833333333333
4,43,No,6,7,24,26.97
6,86,Yes,4,8,75,74.1
5,88,Yes,8,5,76,73.08
8,61,No,7,2,53,54.06166666666666
1,81,Yes,6,7,60,57.18
9,43,No,4,6,39,40.95833333333333
8,71,Yes,5,9,62,67.10999999999999
9,63,Yes,7,0,58,60.65
1,94,No,6,8,71,68.90766666666667
5,97,Yes,5,6,86,85.26
2,49,No,7,4,25,25.65433333333333
6,70,No,6,6,58,60.335
1,68,No,7,9,39,43.86
5,87,Yes,6,3,71,73.15
8,91,Yes,4,6,85,86.16766666666666
4,66,No,8,6,47,47.751333333333335
9,65,No,9,8,64,64.91
4,41,No,4,9,23,23.2
1,80,Yes,4,3,51,55.08833333333334
8,41,No,9,3,34,36.58
9,40,No,8,2,36,37.23166666666667
6,42,No,7,8,31,31.636999999999997
8,59,No,4,9,50,52.192
1,85,Yes,9,7,64,61.975500000000004
3,92,Yes,9,7,77,73.3405
3,43,Yes,9,0,25,22.43
2,94,Yes,8,9,75,70.39
9,67,Yes,4,3,64,60.6
2,45,No,4,7,21,19.92
9,97,Yes,8,1,94,96.35
6,56,No,6,7,42,46.03166666666666
7,44,Yes,4,7,33,34.031666666666666
1,50,Yes,6,8,23,25.41
6,93,Yes,5,9,82,82.47783333333332
7,41,No,5,3,31,31.49
9,87,Yes,7,3,87,86.22
8,40,Yes,8,2,36,33.64
5,61,No,8,6,52,48.57583333333334
7,44,Yes,9,8,41,36.69333333333333
9,83,No,8,7,83,80.07
9,78,No,9,1,76,75.72
2,42,No,7,3,15,19.326
9,87,No,7,9,86,86.79
9,90,No,5,8,85,86.69
8,97,No,9,7,94,93.93271428571428
7,81,Yes,4,7,74,72.1325
1,79,Yes,6,5,50,53.85666666666667
6,71,Yes,9,5,62,59.54733333333333
7,54,Yes,5,3,46,41.62166666666666
3,91,Yes,7,1,74,71.31
6,70,Yes,7,2,59,56.235
9,50,No,9,3,51,47.11
6,77,No,7,0,66,66.29
3,41,No,7,7,18,19.99683333333333
1,63,No,9,3,39,37.04583333333333
8,64,No,6,8,60,59.14
8,45,No,6,0,39,38.22433333333334
2,78,No,7,2,56,57.04314285714287
9,42,Yes,9,3,37,38.34133333333334
4,67,Yes,7,7,48,49.076392857142864
8,91,Yes,5,4,86,84.31583333333332
8,70,No,5,4,63,62.24100000000001
9,88,Yes,5,4,85,85.275
6,42,No,8,6,27,28.88
5,53,Yes,7,7,40,39.89733333333333
3,87,Yes,8,7,68,68.009
2,91,No,5,3,67,67.07333333333334
6,41,Yes,8,4,29,27.25
6,87,Yes,5,3,73,74.62499999999999
2,85,No,6,6,62,62.72
4,51,Yes,5,8,36,33.7
9,56,Yes,7,3,52,52.03666666666666
9,44,No,5,2,37,37.92
3,68,No,6,7,46,47.1525
4,91,No,8,0,74,75.39
8,67,No,9,9,63,63.98916666666666
6,90,No,7,9,77,79.67
4,44,Yes,6,5,27,26.24
4,81,No,4,1,59,61.47
2,76,Yes,8,7,57,53.745
4,66,No,6,7,50,48.23583333333333
8,57,No,5,3,52,49.28
5,92,No,4,8,78,77.3575
7,84,Yes,8,6,81,75.48416666666667
3,89,No,5,2,68,68.99
6,90,No,8,9,81,79.49
2,95,No,9,7,73,75.095
6,63,No,8,0,52,51.156666666666666
2,67,No,8,7,47,43.94
3,73,No,7,6,56,53.03
5,93,Yes,6,5,80,78.93
7,69,No,9,2,63,58.05
5,53,Yes,6,4,40,38.8847619047619
4,60,Yes,8,7,46,43.858999999999995
9,42,No,4,4,36,38.61
7,47,No,5,6,39,39.71
1,48,No,7,2,20,20.83
7,43,No,7,2,31,33.785
4,44,Yes,7,6,27,26.44
7,70,Yes,9,6,65,62.92
7,77,Yes,6,9,69,69.71333333333334
5,42,No,4,0,25,25.57
2,70,Yes,7,9,49,51.42
3,52,Yes,9,5,32,35.4
6,69,No,8,0,60,57.225
3,65,Yes,5,9,45,46.36
4,55,Yes,7,6,38,39.49
5,98,No,9,5,87,85.0175
5,69,No,5,4,54,53.945
6,75,No,4,7,64,63.54833333333333
1,71,Yes,6,0,47,44.31
5,76,Yes,9,1,64,63.24
4,87,Yes,8,4,73,70.42333333333335
3,95,Yes,9,9,77,74.62
9,70,Yes,8,5,67,67.67
2,47,No,9,5,29,25.65
2,41,Yes,8,3,15,17.17
4,63,No,4,8,45,46.657333333333334
1,87,No,6,6,58,61.39333333333333
3,69,No,7,5,48,48.65
5,41,Yes,4,8,28,25.381666666666664
4,79,No,5,6,63,63.45095238095239
7,90,Yes,8,9,84,82.62
9,58,No,6,4,58,54.52266666666667
2,76,Yes,6,7,56,53.77
9,41,Yes,4,9,39,35.72
5,92,Yes,8,7,78,79.72
2,40,Yes,7,2,16,16.41
6,67,No,5,5,56,55.39200000000001
8,75,Yes,6,1,71,69.19
2,76,Yes,8,8,51,53.61
2,63,No,6,0,39,38.46
7,46,No,9,6,43,36.910999999999994
5,48,Yes,6,4,33,31.62
5,70,No,6,3,54,54.47
6,86,Yes,6,1,79,74.0025
2,95,No,5,8,72,71.34249999999999
6,51,Yes,7,0,37,41.69
5,41,Yes,5,7,26,25.71
9,92,Yes,9,6,91,91.17333333333332
6,89,No,8,4,79,80.76333333333334
8,52,No,6,1,44,46.86
4,94,No,8,6,79,76.25
3,81,No,6,6,60,61.55
1,65,No,9,0,38,39.21533333333333
5,61,No,4,7,46,47.8075
2,73,No,6,0,48,50.59666666666667
8,82,Yes,9,6,82,78.2687619047619
7,94,Yes,6,6,86,87.25
3,86,Yes,5,1,67,66.67
9,52,Yes,9,6,51,53.69516666666667
5,52,Yes,5,2,36,34.310833333333335
6,81,No,4,8,65,69.41
6,86,Yes,4,4,75,74.98333333333333
8,81,No,6,8,75,75.28
8,50,Yes,8,6,45,45.99
3,40,Yes,7,9,24,20.345333333333333
5,93,No,5,1,77,77.79
7,57,Yes,6,2,48,48.756
5,55,Yes,8,3,42,41.57
3,81,Yes,8,9,63,62.72
6,54,No,8,0,41,41.82583333333334
6,59,Yes,4,8,45,47.415
7,98,No,7,9,95,91.035
5,86,Yes,8,7,77,71.17
7,74,No,8,0,71,65.19816666666665
7,88,Yes,9,4,79,83.375
3,56,No,7,6,36,34.12
7,72,Yes,5,8,63,62.78
4,94,Yes,8,3,82,76.49
9,55,No,8,8,54,51.01
9,41,Yes,8,5,37,38.64166666666666
9,82,Yes,5,1,78,79.17
5,84,No,8,5,69,71.86
3,82,No,8,1,64,62.504
3,67,Yes,9,0,50,48.02
2,64,No,6,3,42,40.68
9,84,Yes,8,8,86,82.37
4,92,No,7,8,77,76.16833333333334
5,64,Yes,6,7,49,49.60333333333333
9,58,Yes,9,0,54,54.83
3,68,Yes,9,6,49,50.95
9,67,No,4,9,64,63.04
9,98,Yes,4,8,95,96.99
9,64,No,5,5,60,59.63
2,94,Yes,6,8,72,70.542
6,54,No,4,7,44,40.795
1,97,Yes,4,5,73,71.77214285714287
8,65,Yes,4,7,59,60.275
2,81,Yes,7,5,61,58.5955
5,86,Yes,8,5,73,70.97
9,51,No,6,7,49,47.71666666666667
4,43,No,7,6,26,26.482
4,43,No,7,1,25,23.985
8,49,Yes,5,2,41,43.07
9,84,No,6,6,79,81.91
5,47,No,8,1,31,35.58916666666667
6,87,Yes,6,4,74,76.395
1,52,Yes,8,7,27,26.905
6,66,No,9,8,55,56.265
8,95,Yes,8,9,90,91.0475
7,67,No,5,2,59,57.21
5,84,Yes,5,0,69,69.495
2,42,No,5,9,20,15.235
6,98,Yes,6,2,87,87.12
1,73,Yes,7,3,49,47.14
5,44,No,5,5,29,28.47
7,47,Yes,9,9,40,40.653333333333336
1,54,No,7,3,26,27.47433333333333
2,67,Yes,4,4,40,43.978
8,40,No,7,0,39,32.64
5,54,Yes,8,9,40,40.46666666666667
2,57,No,6,2,32,31.906999999999996
4,87,No,4,0,62,67.94
5,45,Yes,6,5,29,30.31714285714286
7,95,Yes,6,3,89,85.35333333333332
7,65,Yes,5,0,55,55.68566666666666
1,97,Yes,8,7,74,72.82
8,90,No,7,5,87,84.60583333333332
8,49,No,4,0,42,40.905
7,64,Yes,4,8,53,55.86794444444445
4,61,Yes,8,3,47,43.37
8,70,No,8,8,65,64.21333333333334
6,44,No,5,1,34,30.76
6,47,Yes,4,4,33,34.879666666666665
2,81,No,4,6,59,58.41
1,85,Yes,5,5,60,59.406666666666666
6,64,Yes,4,3,50,52.31
4,59,No,9,2,41,44.45
2,80,No,6,1,55,56.8
1,46,Yes,7,2,16,19.25
7,84,Yes,8,3,77,75.835
5,67,No,9,7,52,53.35
7,90,Yes,7,2,83,82.10733333333333
1,81,No,6,4,54,55.37
6,61,Yes,7,4,47,48.94
3,97,No,5,7,77,76.295
6,91,Yes,7,3,80,77.81
8,85,No,9,2,77,79.68
4,54,Yes,7,0,37,35.07
8,69,No,5,7,62,63.10333333333333
2,66,No,9,7,46,43.13
8,78,No,7,0,70,72.972
2,41,No,9,1,20,16.05
5,76,No,9,8,65,64.0
6,49,No,5,5,37,37.33
8,65,Yes,8,4,60,59.315
8,77,Yes,7,0,70,71.7
2,40,No,8,1,16,16.85
4,64,Yes,7,2,48,46.34333333333334
5,75,Yes,6,8,62,60.00666666666667
3,91,Yes,8,9,72,73.361
3,85,Yes,4,3,65,65.58
1,40,Yes,9,6,15,13.3575
2,63,Yes,5,3,39,37.78
3,94,Yes,7,0,76,73.57
2,64,Yes,7,0,42,41.14
4,56,Yes,5,2,45,39.29
1,74,Yes,7,5,46,49.3375
7,97,Yes,9,4,89,88.26666666666668
6,89,No,4,4,76,75.1575
4,63,Yes,5,4,46,44.27666666666667
1,82,Yes,9,6,56,59.82
3,85,No,7,6,65,64.04916666666666
4,95,Yes,9,5,78,76.64
1,46,Yes,7,6,20,19.97
1,43,No,6,9,18,17.02
5,91,Yes,9,5,78,78.00333333333334
7,42,No,8,3,33,34.91
4,65,No,5,9,49,48.2015
9,73,Yes,6,8,70,71.09
3,68,Yes,5,3,47,45.7075
3,60,No,7,5,39,41.44
8,97,No,7,3,93,90.48899999999999
7,83,Yes,9,8,77,77.05166666666668
3,75,Yes,5,8,55,55.588
8,82,Yes,6,5,76,76.32
8,92,Yes,9,2,88,88.215
5,68,Yes,4,5,53,52.985
3,48,No,7,1,26,27.15666666666667
1,50,Yes,4,1,19,22.77
4,87,No,8,8,71,71.8
4,75,Yes,9,4,56,58.89
7,71,No,6,4,61,62.97
7,84,No,4,3,75,73.42666666666668
4,72,No,6,7,58,56.24
6,71,No,5,7,59,59.4025
5,85,Yes,7,5,72,71.47
3,84,No,9,0,67,64.3
6,88,No,4,6,75,76.58
1,51,Yes,8,1,25,25.52
3,71,No,7,1,49,49.31
8,45,No,7,3,38,38.27166666666667
1,95,Yes,8,5,73,70.40133333333333
3,97,Yes,4,2,77,76.72
3,69,Yes,7,8,52,48.96
8,93,No,4,5,88,84.62
6,88,No,7,5,76,76.54
9,84,No,9,9,79,83.92
9,97,Yes,7,0,95,94.01
5,56,Yes,5,2,40,40.1145
3,84,Yes,4,6,68,64.98
6,58,Yes,9,8,51,48.945
5,71,No,4,4,56,54.76
2,73,Yes,4,8,47,49.08
5,60,No,7,0,45,46.03724999999999
7,42,Yes,5,3,29,32.145333333333326
5,95,Yes,7,2,80,82.05
4,87,No,8,4,71,68.86
9,42,No,5,4,38,38.85
4,64,No,6,1,44,45.873999999999995
7,96,No,4,8,84,85.16
9,77,Yes,8,7,76,74.22566666666667
3,48,Yes,9,7,33,30.415
5,99,Yes,9,3,89,88.05
1,68,No,6,7,41,42.02
3,55,No,5,7,36,35.58
8,67,No,7,9,65,64.125
7,75,Yes,9,5,64,67.7125
8,62,No,5,1,53,55.385
4,77,No,5,9,56,59.14566666666666
3,40,Yes,5,2,18,18.325000000000003
5,40,Yes,7,8,26,25.94
5,99,Yes,6,0,82,83.87
4,97,Yes,8,0,77,82.93
5,51,Yes,7,1,36,36.69
2,47,Yes,8,1,27,23.57
7,84,No,6,9,74,76.11
6,40,No,6,1,24,27.04
8,69,Yes,4,8,63,61.71
3,97,No,9,0,75,78.569
5,75,No,9,7,61,62.84
3,71,Yes,8,4,51,50.27750000000001
3,82,Yes,8,6,63,64.14
8,56,No,9,5,52,50.730666666666664
5,49,No,6,5,33,32.541666666666664
8,59,Yes,5,7,58,53.43999999999999
5,92,Yes,4,9,79,76.8325
3,94,No,5,6,75,73.96
7,57,Yes,8,6,50,49.11266666666666
4,74,Yes,5,5,55,58.58
4,75,No,8,6,60,58.89
7,45,Yes,9,1,38,34.99999999999999
5,62,No,7,8,45,47.58716666666667
9,58,Yes,7,2,56,54.253
4,65,No,5,2,45,46.06066666666666
4,42,Yes,7,2,25,23.65
5,59,Yes,9,0,45,44.423571428571414
2,87,Yes,7,3,61,65.47
3,53,No,9,3,34,35.59
1,70,Yes,6,9,47,44.56
7,56,Yes,8,3,49,46.35083333333333
6,42,No,6,0,29,27.32
6,52,No,6,4,42,36.9
8,94,No,7,7,86,89.535
8,80,Yes,4,0,73,69.94
7,52,No,6,3,43,41.73
4,80,No,5,0,64,61.84
1,62,No,7,7,41,37.251333333333335
1,61,No,8,3,33,35.62833333333334
9,76,Yes,7,1,73,71.404
4,64,No,8,6,49,48.42333333333334
1,63,No,6,0,36,35.375
8,92,Yes,7,7,85,89.04930952380954
6,63,No,7,9,48,53.01166666666666
5,42,Yes,6,4,27,26.99
1,95,No,8,3,71,68.24600000000001
7,58,No,4,7,49,48.81
6,71,No,6,6,55,59.7575
6,55,Yes,4,4,42,42.869666666666674
2,57,Yes,7,1,35,33.4
3,59,Yes,6,3,38,39.555
1,49,No,7,2,23,23.93
2,76,Yes,9,8,58,54.21333333333334
8,50,Yes,4,5,44,43.99
4,40,Yes,8,4,26,22.81
6,59,No,4,6,47,47.187619047619044
7,60,Yes,5,5,51,53.04
4,84,Yes,6,4,67,66.21
1,72,No,4,3,41,45.49333333333334
1,47,No,9,2,22,23.17
1,44,No,4,8,18,17.793499999999998
3,61,No,9,7,41,43.72
7,60,No,4,0,49,48.06166666666667
2,92,Yes,6,8,73,70.08
2,61,Yes,9,2,40,38.575333333333326
8,86,No,9,3,81,80.53
2,54,No,5,9,28,30.03
6,52,Yes,5,0,37,39.07
2,53,Yes,5,9,26,28.13
2,51,Yes,7,8,27,27.83
6,43,No,4,5,28,33.318000000000005
6,59,No,4,6,45,47.187619047619044
3,87,Yes,7,1,66,68.82300000000001
8,60,No,4,6,55,51.9525
1,51,No,7,3,23,23.64
6,86,Yes,4,9,73,74.22
6,62,No,5,7,50,47.125
6,70,Yes,7,6,61,57.79
9,81,No,6,8,79,76.67
6,66,Yes,4,2,56,52.39
5,40,Yes,8,6,28,27.01
7,56,Yes,9,3,47,46.755
2,65,No,6,0,40,41.57
3,90,Yes,6,2,68,71.41
7,85,No,9,8,78,77.61333333333334
4,98,No,4,3,79,79.30333333333333
3,92,No,9,8,75,76.04
6,70,No,9,2,57,58.41788095238094
9,56,Yes,7,8,53,55.0
1,86,No,4,6,59,58.07233333333333
2,71,Yes,4,2,48,46.47
2,78,Yes,8,8,58,54.81933333333334
1,83,Yes,6,9,56,59.48666666666666
3,67,Yes,5,3,48,46.2175
6,82,Yes,9,8,70,73.135
7,91,No,9,2,82,82.742
9,84,No,9,3,83,82.66
9,93,Yes,5,9,94,91.696
8,97,Yes,6,3,91,91.32333333333334
6,89,Yes,7,0,74,78.42166666666667
2,98,Yes,6,7,77,77.19130952380952
9,70,No,7,4,67,67.21
5,93,No,7,1,76,79.26
8,80,Yes,5,9,74,74.73
6,55,No,8,6,43,44.1575
6,88,No,4,6,75,76.58
5,61,Yes,6,2,45,47.25666666666667
7,56,Yes,7,8,45,49.132333333333335
1,41,No,5,0,14,14.885
6,53,Yes,7,1,39,41.815
4,71,Yes,4,2,52,53.62
4,82,No,9,8,67,65.37
6,77,Yes,8,9,64,67.06
6,42,Yes,6,8,30,30.100619047619052
7,67,Yes,8,0,61,57.95
5,47,No,4,9,30,32.57
9,72,No,5,6,71,68.75
3,63,Yes,6,2,39,43.32
2,49,No,6,5,25,25.63033333333333
7,73,No,4,9,62,65.66
3,54,Yes,5,0,35,29.96
9,97,No,6,9,97,94.52
6,66,No,6,1,53,52.97
7,73,Yes,4,2,64,64.26833333333335
9,51,No,8,3,48,47.3
5,77,No,4,0,62,61.68
4,49,No,5,0,30,29.95
9,67,No,5,5,62,61.452
3,70,Yes,5,4,47,48.79616666666666
8,44,No,8,4,40,39.58
3,41,No,7,7,23,19.99683333333333
7,92,Yes,5,9,86,86.47
7,69,Yes,8,8,65,60.89
9,66,No,9,3,61,63.92333333333334
8,44,No,4,2,36,37.02666666666667
7,89,No,6,7,79,81.225
6,54,Yes,6,6,43,42.805
9,71,Yes,8,4,68,68.23
8,74,No,9,6,68,70.30333333333333
3,44,Yes,6,6,26,24.24
4,42,Yes,7,0,23,25.103333333333335
2,45,Yes,4,3,18,20.99
9,58,No,9,1,54,53.78
3,40,No,4,0,17,18.726666666666667
2,86,No,7,2,63,62.49
4,95,Yes,8,3,82,79.51
1,96,Yes,9,4,73,71.4525
4,98,Yes,9,7,81,82.53783333333332
3,66,No,8,3,46,46.46333333333334
4,88,No,6,0,71,70.42
2,87,No,9,2,64,65.01
2,83,Yes,6,2,58,60.01333333333333
2,60,No,6,6,38,36.641666666666666
3,52,Yes,5,4,33,32.375
4,44,No,4,8,27,25.66
5,66,No,5,5,51,51.18333333333333
8,45,Yes,6,8,40,38.00833333333333
4,89,No,6,3,71,71.39
4,85,Yes,7,1,69,67.465
6,44,No,6,3,33,31.81
4,81,No,4,6,66,63.461309523809526
9,44,Yes,7,3,39,41.19333333333333
4,75,Yes,8,7,57,60.0275
1,98,Yes,8,6,74,74.18
4,90,No,7,3,75,73.07
9,48,No,7,6,44,46.36
5,84,Yes,7,3,66,71.29
1,51,No,4,8,29,23.454
3,75,Yes,6,4,57,55.868
9,69,Yes,6,1,65,64.52
4,93,No,8,3,78,77.84
6,50,Yes,5,8,40,38.46
1,68,No,4,4,40,40.63
2,95,Yes,6,5,75,72.93833333333333
7,72,No,8,3,66,63.1
9,53,Yes,9,6,49,53.25083333333334
9,48,No,4,3,42,44.07
4,68,Yes,9,7,56,51.88833333333334
9,88,No,9,1,87,84.98
6,71,Yes,6,9,61,60.937642857142855
2,92,No,9,6,71,70.359
4,84,Yes,4,5,71,66.84
6,42,No,9,7,29,31.18
7,67,Yes,9,6,61,61.75
1,55,No,5,0,31,27.765
9,53,Yes,4,9,51,48.44
6,46,No,6,2,33,29.64
9,97,No,5,7,95,94.55083333333332
7,57,No,8,2,46,48.11
1,57,Yes,6,6,32,32.23
5,54,No,7,7,38,40.196
6,61,Yes,7,2,51,48.75
8,87,No,6,7,85,80.33
9,56,No,6,9,55,54.343333333333334
2,53,Yes,7,4,27,26.686666666666664
1,67,No,4,6,39,40.99
7,93,No,9,0,83,85.81
6,63,No,6,6,53,51.93916666666666
3,86,Yes,9,0,71,66.1175
1,93,No,4,2,65,65.28416666666666
3,50,No,8,4,30,29.75
5,54,Yes,5,5,39,37.64566666666666
2,67,No,8,4,50,43.71
9,80,No,7,3,81,79.68
3,72,Yes,9,7,55,54.375
9,59,Yes,9,8,57,57.20333333333333
5,66,Yes,7,9,54,50.63433333333333
7,58,Yes,7,7,53,48.55
5,99,No,8,3,87,88.44
9,46,No,5,9,43,43.55
1,57,No,9,2,33,29.847333333333335
7,60,Yes,5,6,51,53.3
8,71,No,9,4,68,68.15
1,50,No,7,4,24,24.081999999999997
9,69,Yes,8,4,64,67.69
6,54,Yes,8,5,45,42.94133333333333
8,69,Yes,5,5,62,59.388000000000005
9,55,No,7,2,46,51.76166666666666
9,85,Yes,4,5,81,81.99633333333335
8,65,No,8,7,61,61.720000000000006
6,54,No,6,0,43,41.11
9,99,Yes,5,4,98,96.80333333333334
2,48,Yes,8,8,26,23.37
9,63,No,9,7,62,60.53016666666667
4,56,Yes,4,7,39,38.495666666666665
1,52,No,5,8,26,24.883000000000003
9,76,No,4,3,71,71.34
3,43,No,6,2,20,20.59
7,76,Yes,6,8,67,68.22800000000001
2,79,Yes,7,9,56,55.7
8,83,No,6,0,79,75.95
5,96,No,8,0,81,81.97
6,61,Yes,6,1,49,47.12
1,53,Yes,7,5,26,27.96
9,49,No,5,0,46,45.12
4,62,No,7,4,44,43.70666666666666
9,62,No,4,3,58,57.51333333333333
8,50,Yes,6,1,41,42.98
9,52,No,9,8,50,51.20733333333334
3,85,No,4,6,66,63.20333333333333
6,55,No,5,1,43,42.141999999999996
1,65,No,4,0,34,38.15857142857143
5,60,No,4,5,45,45.18066666666667
9,94,No,9,1,91,91.21
7,96,No,5,3,84,82.99333333333334
8,55,Yes,7,9,53,47.62
8,63,Yes,5,9,60,59.0125
4,98,No,7,5,78,79.81
4,43,No,4,2,22,21.7475
8,45,Yes,4,6,42,38.808
3,84,Yes,5,3,67,64.81
2,79,Yes,4,8,56,55.6
2,58,Yes,4,7,32,34.795
4,51,No,5,7,35,34.53
6,75,No,7,8,65,63.99875
8,65,No,8,3,61,58.48
2,62,No,5,1,37,38.86
6,61,No,6,2,51,49.05
8,48,Yes,7,2,44,41.31
3,77,No,8,6,56,58.607142857142854
9,60,Yes,8,1,58,57.77
5,77,Yes,6,9,64,64.66
7,55,Yes,4,5,43,44.62666666666667
7,65,Yes,9,6,57,58.14333333333333
3,85,No,8,0,64,63.91
1,98,Yes,8,2,75,74.51083333333332
8,95,Yes,9,5,94,92.18583333333332
7,93,Yes,5,7,85,86.66
7,89,No,7,6,86,81.305
6,43,Yes,6,4,27,29.71
9,40,No,6,5,38,35.35
2,75,Yes,7,6,58,52.03
2,84,Yes,9,1,63,61.34
6,66,Yes,5,2,55,53.27
3,51,Yes,4,1,30,28.96
3,79,Yes,6,0,59,59.51714285714285
5,80,Yes,8,5,70,66.03666666666668
7,66,Yes,9,8,60,60.85
5,66,No,7,2,49,49.37
2,89,No,4,7,67,65.91142857142856
6,70,Yes,7,7,61,58.38
2,81,No,6,1,59,58.5
4,80,No,7,8,64,65.68666666666667
8,62,No,5,6,56,56.33
9,83,Yes,4,8,80,80.045
9,98,Yes,7,7,100,96.725
2,76,Yes,5,6,56,53.17
6,94,No,6,4,83,81.7
3,74,Yes,8,8,54,54.56
9,54,Yes,4,4,48,50.01983333333334
1,78,Yes,4,8,53,52.53
2,87,Yes,4,6,59,63.025
1,49,Yes,7,3,24,24.1
2,69,No,8,3,45,47.80000000000001
9,57,No,8,9,55,55.836999999999996
1,61,Yes,8,6,39,37.41
4,78,Yes,6,9,61,61.23066666666666
4,82,No,8,2,69,65.935
5,74,Yes,5,9,61,59.025
8,70,No,8,5,61,63.04
2,50,Yes,9,0,30,27.15
4,46,Yes,5,4,27,28.9
2,40,No,5,1,13,14.74
5,56,Yes,4,2,44,40.08283333333334
7,90,Yes,5,6,85,80.98533333333333
7,99,No,4,5,89,88.53
5,58,No,8,2,43,43.64
7,97,Yes,9,8,91,90.5025
5,87,No,4,6,72,72.11
2,74,No,4,2,47,50.11
1,79,No,4,5,52,53.99733333333334
3,80,No,6,9,61,60.45
9,77,Yes,9,1,74,74.96904761904761
2,87,Yes,6,7,63,62.87333333333333
1,80,Yes,4,6,55,55.91333333333334
9,93,Yes,8,2,90,91.46583333333334
9,52,No,7,4,49,48.15
9,40,No,5,7,36,34.73
3,94,Yes,4,2,73,74.42
6,86,Yes,7,9,79,75.13166666666666
1,59,Yes,8,5,33,34.5
4,84,No,5,7,69,65.6775
3,80,Yes,8,0,62,60.93780952380951
9,90,No,9,1,87,88.66
4,62,Yes,9,9,48,47.94
3,88,Yes,9,9,70,73.23
7,71,Yes,5,6,66,61.7275
9,67,Yes,6,8,67,64.49
1,44,Yes,9,7,16,20.404
9,67,No,5,9,64,63.68
1,78,Yes,5,9,52,52.2
4,99,No,8,8,81,85.92
8,53,Yes,6,3,46,45.985
1,54,No,7,7,28,28.968333333333334
7,68,No,6,9,61,60.22
3,65,No,5,0,44,42.52733333333334
9,74,Yes,6,5,69,71.18066666666667
4,53,No,7,1,34,34.42916666666667
9,59,Yes,4,0,55,54.48033333333333
3,91,No,7,7,68,72.63
7,91,No,9,9,83,82.85
4,92,Yes,8,2,77,75.91833333333334
5,59,Yes,9,0,45,44.423571428571414
9,50,No,7,6,48,48.2277619047619
4,91,No,4,9,74,72.71916666666667
1,73,Yes,9,1,50,49.185
4,72,No,5,9,52,54.99
8,88,Yes,4,5,82,83.366
9,78,Yes,6,5,76,75.10995238095238
1,62,Yes,7,3,39,35.45216666666667
1,69,Yes,5,3,41,42.09
6,53,No,6,8,44,39.15
3,78,No,7,8,58,59.04383333333334
3,40,No,8,2,20,18.192999999999998
9,91,Yes,8,6,89,88.64
1,40,No,9,6,14,13.71
8,74,No,5,5,67,67.45
8,42,Yes,7,4,37,36.0
4,81,No,7,0,61,65.05309523809522
5,66,No,8,2,53,50.32
7,75,No,8,3,70,66.25
4,45,Yes,8,8,30,29.86
9,94,No,7,3,93,91.4585
8,61,Yes,5,9,56,55.65283333333335
6,89,No,4,0,74,75.22333333333334
6,80,Yes,8,3,68,69.38683333333333
2,74,No,6,6,52,49.94000000000001
4,59,No,9,7,42,44.86
3,49,No,4,1,34,26.68133333333333
8,62,No,6,8,59,58.31
4,70,Yes,7,0,53,52.755500000000005
9,66,No,4,2,59,59.45
6,83,Yes,7,1,71,73.255
4,90,Yes,5,5,74,71.9
5,83,Yes,5,6,69,68.0345
3,65,Yes,6,6,45,44.9415
7,48,Yes,6,1,38,39.87
7,55,No,5,3,45,44.17
5,50,No,9,6,35,36.1
5,53,No,8,8,39,38.83
7,84,Yes,6,1,76,74.72
2,99,Yes,9,8,82,77.46666666666667
6,72,No,5,8,62,59.265
5,51,Yes,5,1,39,35.46083333333333
6,84,No,5,6,70,72.38333333333334
7,45,Yes,8,0,37,35.423
8,48,No,9,6,46,40.54
9,77,No,5,4,71,72.34
9,42,Yes,6,3,38,39.415
1,72,Yes,7,1,47,46.76
1,79,Yes,7,7,51,55.28333333333333
5,69,No,9,7,55,56.79
2,79,Yes,4,5,56,55.4
5,55,Yes,9,7,42,41.63
2,88,Yes,9,6,65,66.86566666666667
3,92,No,8,2,73,73.79
3,67,Yes,9,5,47,50.19
6,59,Yes,7,4,47,48.31333333333334
2,68,Yes,4,4,46,45.93
2,54,Yes,8,9,34,31.45
1,96,Yes,6,7,69,72.81
2,46,No,7,1,24,20.94
4,68,Yes,4,3,50,51.37383333333333
7,73,No,8,3,63,63.71333333333334
6,91,No,9,0,81,79.201
7,84,Yes,7,3,79,75.11476190476189
4,80,No,7,8,69,65.68666666666667
9,41,No,9,8,37,37.86
5,71,No,8,0,57,56.10333333333334
6,49,Yes,7,7,38,37.6
1,75,No,7,8,48,50.87
8,87,No,5,3,79,81.92
1,62,Yes,4,2,37,34.67
1,67,Yes,7,2,39,40.27
6,98,No,5,9,87,89.06666666666666
8,91,No,8,5,87,86.04833333333335
4,96,No,7,2,77,77.23
3,65,No,5,8,42,45.653
8,47,No,5,4,42,39.85
8,47,Yes,6,8,40,43.38
1,90,No,4,6,63,62.17999999999999
1,84,No,8,1,61,56.93
9,43,Yes,6,8,41,41.031000000000006
4,69,Yes,4,1,53,50.394
5,71,Yes,5,0,54,55.56333333333334
5,89,Yes,8,6,76,74.34
8,86,No,9,2,82,80.41
2,75,No,9,9,57,52.74
1,99,Yes,9,3,76,74.64383333333335
2,95,Yes,9,7,72,74.99
4,85,No,9,1,68,67.21
7,61,No,7,4,51,52.10833333333334
2,60,Yes,6,8,40,38.696000000000005
9,74,No,5,5,69,70.05166666666668
3,66,No,7,3,44,45.87
6,85,No,8,4,74,74.51
6,44,Yes,6,8,34,33.25180952380952
4,79,Yes,6,2,65,60.3
2,98,No,7,9,77,76.33
7,57,No,9,3,51,49.14
5,57,Yes,8,4,44,42.55
7,57,Yes,5,1,48,47.426
1,58,No,5,1,28,32.14666666666667
7,46,Yes,9,0,39,36.11333333333333
9,60,No,7,0,52,56.59
2,52,Yes,8,9,31,29.043333333333337
6,97,No,7,9,85,90.06
8,89,No,8,1,87,82.43
1,41,Yes,8,8,15,16.72
1,65,No,6,3,37,38.034571428571425
3,61,Yes,7,4,46,41.41
9,75,Yes,7,9,78,72.83066666666667
3,62,No,5,2,44,40.6925
4,41,Yes,7,3,25,24.37
4,61,No,9,3,44,44.25
9,74,Yes,4,4,70,69.55
1,51,Yes,6,8,26,25.95666666666667
9,82,No,6,5,82,80.055
7,53,Yes,5,5,45,43.97666666666666
6,73,No,9,5,65,63.9125
7,72,No,8,6,65,64.12892857142857
4,53,Yes,5,4,33,34.31
6,66,Yes,6,8,53,57.41
3,56,No,6,3,35,35.52
5,55,Yes,4,9,37,39.375
9,54,Yes,9,2,53,51.69166666666666
1,75,No,8,8,50,52.59
2,65,Yes,9,5,42,42.29
4,41,Yes,8,2,22,23.16
3,58,No,4,7,41,35.68000000000001
6,53,Yes,8,5,41,43.5075
6,97,Yes,7,8,87,89.26
7,65,No,5,7,55,56.175
4,95,No,5,6,78,76.29350000000001
4,63,No,9,9,50,48.65
7,45,No,4,6,34,33.3
4,53,No,9,8,40,37.28
8,75,Yes,5,2,67,69.1
6,83,Yes,6,3,69,70.95
5,56,No,8,5,40,41.145
1,71,Yes,8,3,47,44.93
7,51,No,8,5,44,42.595
6,93,Yes,7,0,81,82.645
1,79,No,9,6,53,54.587999999999994
1,66,No,6,8,43,40.47
7,44,No,6,7,38,34.63
7,64,Yes,9,1,57,55.831833333333336
8,70,Yes,7,3,62,64.7725
4,67,Yes,7,1,52,48.75
9,99,No,6,8,96,95.705
9,56,Yes,8,2,56,52.37
9,57,No,7,1,50,53.45
3,62,Yes,8,9,45,42.675333333333334
8,95,No,9,2,90,92.045
3,68,No,5,5,49,47.1
4,92,Yes,9,5,77,75.758
9,79,Yes,5,3,79,75.13
2,68,No,7,1,42,45.14333333333334
6,71,Yes,9,3,64,59.57249999999999
1,59,No,7,0,33,33.86
1,95,No,7,4,72,68.65166666666667
3,66,No,8,2,45,48.29333333333334
9,58,No,6,5,54,53.451
5,84,Yes,4,3,70,69.2875
7,91,No,8,2,84,81.557
8,99,Yes,8,8,95,96.75
9,77,No,7,0,72,71.42
9,61,No,8,2,57,57.92
6,42,Yes,5,3,29,26.6175
4,72,No,5,4,56,56.36
8,65,Yes,7,1,55,58.96
7,58,No,8,8,48,49.09
5,83,Yes,8,6,72,69.7425
2,67,No,8,6,44,43.39
6,71,No,5,1,57,58.24
8,73,Yes,4,9,68,67.50666666666666
9,43,No,5,4,39,40.095
3,52,Yes,5,7,37,32.645
5,53,No,5,8,37,37.86
2,48,Yes,8,0,27,22.91
5,80,Yes,5,6,66,65.45
9,63,Yes,5,9,60,59.018
4,50,Yes,4,5,37,32.48
5,69,No,6,0,57,53.4965
1,51,No,8,7,27,24.17
5,97,No,6,3,81,82.51
1,59,Yes,7,9,33,34.05
1,76,Yes,7,3,54,52.3
9,95,No,4,2,91,90.435
9,84,No,4,3,77,79.1485
8,90,Yes,6,3,84,83.67666666666668
4,48,Yes,9,2,35,31.03
8,92,No,5,0,83,86.54
4,66,No,4,0,48,46.91
6,82,Yes,4,1,69,68.24
7,62,Yes,9,2,56,54.85
3,55,No,9,0,34,33.94
6,70,No,7,4,59,58.27
1,98,Yes,9,3,74,73.93350000000001
3,91,Yes,7,6,72,72.82
6,77,Yes,9,3,66,67.55
9,97,No,9,7,97,95.52
6,89,Yes,7,8,77,79.19
5,94,Yes,8,4,80,79.7525
9,49,No,8,7,47,47.13
5,91,Yes,5,5,76,74.95
2,88,No,7,8,70,66.58833333333332
2,74,No,5,2,51,50.44
3,41,Yes,7,3,24,22.43
6,45,Yes,7,2,37,32.7
4,50,Yes,6,9,34,35.13
9,44,Yes,4,4,39,41.93
6,68,No,5,7,60,57.346666666666664
3,86,No,6,4,63,65.885
6,97,No,9,1,86,88.14
1,57,No,7,2,33,31.396666666666665
4,51,Yes,9,0,36,32.27
7,70,Yes,7,9,61,60.37
4,40,No,6,2,18,21.83
5,78,Yes,5,5,64,62.64
2,68,No,8,4,41,44.73333333333334
2,77,Yes,8,5,55,54.59095238095239
7,41,Yes,6,8,34,34.68
2,57,No,9,6,35,34.88166666666667
1,43,No,9,0,17,15.97
2,85,Yes,7,2,64,62.19
7,45,No,8,3,36,35.17166666666667
3,93,No,5,6,74,73.2
9,79,Yes,7,3,78,79.71
7,59,No,8,9,50,51.38
9,95,No,5,8,90,91.48
7,82,No,9,2,72,74.37
2,91,Yes,4,3,69,66.85
5,59,Yes,6,8,45,45.69666666666667
2,63,No,4,3,39,37.06
9,43,Yes,9,9,45,42.95309523809524
1,62,No,6,6,37,37.481
3,59,Yes,4,5,40,35.49
7,66,No,8,2,53,56.63
7,49,Yes,7,3,38,37.44
2,87,Yes,8,7,62,64.96666666666667
8,65,No,4,8,57,57.84
3,77,Yes,9,6,60,60.06
8,69,Yes,4,5,63,61.24
9,82,No,5,8,80,80.23
1,60,No,5,1,32,32.60666666666666
3,66,Yes,5,7,45,46.4585
9,91,No,7,1,91,86.69
5,93,No,6,4,78,78.85
9,62,Yes,8,4,62,56.96
8,92,Yes,7,7,89,89.04930952380954
9,68,No,9,7,67,65.07666666666667
8,67,No,4,3,61,59.99
9,77,No,7,3,74,73.35
3,88,No,9,0,67,70.38
7,60,No,8,8,57,50.90333333333333
1,64,Yes,6,3,41,38.336666666666666
6,49,No,6,0,39,38.08
4,84,Yes,9,2,67,66.56
5,81,Yes,4,0,63,65.82333333333332
1,91,Yes,9,7,71,66.74566666666666
8,50,Yes,9,4,45,45.305
2,77,No,7,5,53,54.57416666666667
7,69,Yes,5,1,60,59.09
1,41,No,8,8,17,17.76
1,66,No,8,7,39,41.69166666666667
7,72,Yes,4,3,63,62.35
4,48,Yes,9,3,31,31.443333333333335
4,66,No,6,7,51,48.23583333333333
3,56,Yes,4,4,35,35.03
3,85,No,8,0,65,63.91
6,47,No,9,8,36,36.88666666666666
8,93,Yes,4,4,85,85.08
3,85,No,9,2,62,65.36
5,66,No,5,6,51,51.28716666666667
4,55,No,9,5,36,38.64
1,52,No,7,0,25,25.78
4,47,Yes,4,6,25,27.48
4,75,Yes,6,9,60,59.05
5,42,Yes,6,0,26,26.12
6,57,Yes,6,7,47,46.35
3,51,No,7,4,34,31.31
3,44,No,7,5,23,23.286666666666665
1,80,Yes,7,4,55,55.2365
7,52,Yes,7,5,46,44.33
1,68,No,7,8,46,43.09
7,40,Yes,6,2,33,31.05
2,44,No,6,3,17,19.49
5,95,Yes,9,0,81,82.05
9,58,No,8,2,55,54.97
7,91,Yes,4,9,82,83.09666666666668
3,95,Yes,4,4,78,73.99
9,77,Yes,8,4,77,75.134
3,70,Yes,9,6,52,50.998666666666665
4,72,Yes,8,9,56,57.18
8,59,Yes,6,4,55,53.73
2,58,Yes,5,9,33,35.1525
1,50,Yes,5,3,25,22.465
8,98,Yes,8,2,93,94.4
2,77,No,5,7,54,53.34
9,51,Yes,5,6,48,47.92016666666667
3,87,No,6,8,63,67.92833333333333
2,74,No,6,2,53,50.60333333333333
7,57,Yes,7,7,49,49.10333333333333
3,61,Yes,8,3,42,40.11
7,56,No,9,8,47,50.7
6,78,Yes,9,2,72,68.08
2,50,Yes,8,7,23,27.73
2,71,No,6,4,48,47.452666666666666
7,76,No,5,8,69,67.85966666666667
6,86,No,9,1,75,73.21666666666667
3,66,Yes,9,3,46,47.43666666666667
2,88,No,5,2,59,64.57
8,88,Yes,6,1,82,83.0675
8,49,No,9,0,37,41.8
7,74,Yes,5,7,68,66.46
3,43,Yes,8,4,23,23.378
6,61,No,7,6,50,47.72
7,44,No,5,4,37,34.61
3,57,Yes,5,6,36,35.745
5,71,Yes,4,5,54,54.26
4,67,No,9,3,49,51.66
6,64,Yes,8,4,52,53.29
2,83,Yes,9,2,61,61.87833333333333
5,97,No,6,4,84,82.74
9,76,No,7,2,71,72.82
8,99,No,8,1,93,95.83133333333332
7,41,Yes,7,3,34,32.51
2,68,Yes,4,7,43,46.25
6,48,Yes,4,1,35,36.54
5,97,No,7,2,79,82.47
9,42,No,5,9,37,39.872
2,59,No,7,9,38,37.45
6,65,Yes,8,4,53,53.5
9,87,Yes,8,3,84,85.4
4,44,No,8,9,27,30.78
9,58,Yes,6,2,55,55.411952380952386
2,64,No,5,2,39,40.16
5,80,Yes,6,7,64,65.82666666666665
7,51,Yes,4,4,40,42.516999999999996
4,98,No,6,0,78,79.04
7,62,No,8,5,57,52.94666666666667
9,63,Yes,4,2,59,58.849
3,87,Yes,4,9,67,68.74
1,65,No,4,5,40,39.14
1,62,No,8,9,37,37.11
4,64,Yes,8,4,47,46.34466666666667
2,47,Yes,7,1,25,23.68
7,96,Yes,6,1,87,86.00066666666666
1,80,Yes,7,9,57,54.773999999999994
5,41,No,4,8,23,25.020666666666667
9,49,No,6,2,47,46.16638095238095
8,77,No,4,2,69,69.05333333333333
8,77,No,8,5,69,74.01333333333334
1,86,Yes,4,4,59,58.87833333333333
7,99,Yes,4,3,94,89.09
2,62,No,4,9,40,38.815
6,58,Yes,9,9,50,49.51
5,54,Yes,8,8,43,40.76523809523809
1,68,No,5,7,42,42.1
2,88,No,8,6,64,65.71
6,49,Yes,5,1,35,38.17
3,78,Yes,5,8,57,59.10133333333334
1,64,No,4,7,38,39.37
9,83,Yes,4,3,79,79.78450000000001
9,89,Yes,6,4,88,86.39
4,55,No,4,4,36,36.36
4,48,No,7,7,32,31.1725
8,87,Yes,4,2,77,81.52666666666667
3,49,Yes,7,0,24,29.412571428571432
7,80,No,8,4,75,71.941
2,62,No,9,7,40,39.52
2,76,Yes,4,7,51,53.04
4,86,No,7,3,70,68.22
5,78,Yes,6,6,65,64.34
8,66,No,8,6,59,63.64666666666666
1,92,No,9,5,70,68.525
7,97,No,6,5,89,86.83
8,81,Yes,5,0,76,71.52
1,79,Yes,9,4,53,54.43833333333334
4,52,Yes,9,2,36,34.9105
2,40,Yes,5,3,17,16.16
7,86,No,4,1,78,76.07333333333332
2,84,No,5,6,59,61.285555555555554
1,52,No,9,2,28,25.65
6,71,Yes,4,7,61,59.77783333333333
1,78,No,4,6,52,51.62
3,86,No,7,5,65,66.86
3,43,Yes,6,1,22,20.0
9,43,Yes,8,8,41,42.40833333333334
9,73,Yes,4,5,68,67.82
5,59,No,8,0,43,44.21516666666666
3,82,Yes,5,9,63,63.84
3,61,Yes,8,6,42,44.21
2,86,Yes,4,7,65,62.652
1,79,No,6,1,50,52.715833333333336
4,40,Yes,8,5,22,23.27
2,55,Yes,6,3,29,32.49
8,49,No,6,4,43,42.71
8,76,Yes,5,4,68,71.87
7,95,Yes,5,6,89,86.95
8,44,No,8,2,42,39.58
8,83,No,7,8,79,77.84
8,64,No,5,1,57,56.34
7,59,No,9,4,52,51.03333333333334
1,43,Yes,9,1,16,18.07
2,51,No,4,5,27,26.985
1,90,Yes,7,1,64,64.6775
1,83,Yes,4,2,53,56.26
9,43,No,6,5,39,40.69
1,41,No,7,3,12,15.695
5,70,Yes,5,3,58,54.85
1,90,Yes,5,5,67,62.5
7,61,Yes,6,8,54,54.121333333333325
1,85,Yes,6,3,60,60.357
6,51,Yes,7,3,37,41.9
9,53,No,7,9,52,48.94452380952381
6,59,No,7,3,47,45.83733333333333
4,65,Yes,7,3,47,46.68
2,53,Yes,5,9,30,28.13
1,50,Yes,4,2,21,22.91
3,60,Yes,9,1,40,38.25957142857143
2,75,No,4,4,50,50.74
7,60,Yes,9,4,55,50.67
1,71,No,6,6,42,45.94
5,60,No,7,0,44,46.03724999999999
3,40,Yes,7,3,18,20.479916666666664
2,73,Yes,5,3,53,49.73
3,60,Yes,5,1,40,37.135
4,44,Yes,8,1,26,24.81916666666667
5,82,Yes,8,7,72,68.973
2,50,Yes,7,9,29,26.54
2,71,Yes,5,4,47,46.795
8,98,No,6,7,94,92.07166666666667
8,67,Yes,5,1,60,60.01033333333333
6,74,Yes,8,3,61,62.63
3,61,No,4,8,41,41.32
5,81,Yes,5,7,67,67.16
2,90,No,4,4,64,65.21
6,88,Yes,4,1,74,72.80333333333333
6,60,Yes,9,3,48,47.635
7,93,Yes,7,2,86,85.04
7,66,No,8,1,59,56.59
1,84,Yes,8,3,59,57.83
8,76,Yes,4,6,71,70.18733333333334
1,67,No,6,8,43,40.67
8,59,Yes,6,7,52,55.05666666666667
3,83,Yes,7,5,62,62.26
1,67,No,7,3,39,40.861999999999995
4,79,Yes,6,9,65,63.495
6,98,No,8,0,85,87.43
7,91,No,5,2,82,81.80483333333335
8,62,Yes,5,6,58,56.515
4,56,No,9,3,40,38.86
2,54,Yes,9,9,38,32.21
5,70,Yes,5,3,53,54.85
6,75,No,4,6,62,62.76
7,62,No,7,2,52,52.20666666666667
2,55,Yes,4,4,34,32.41
3,65,No,8,3,47,43.27499999999999
8,84,Yes,5,0,76,76.23
7,99,No,4,8,89,91.22
9,89,Yes,5,3,86,85.33
9,57,Yes,8,1,54,52.39
3,83,Yes,5,3,56,63.76
9,69,Yes,5,6,66,66.57
4,46,Yes,8,1,30,28.085
2,66,Yes,6,3,39,43.02542857142858
3,54,No,8,4,39,35.67
4,49,No,4,4,28,30.815
8,45,Yes,7,1,39,38.681666666666665
6,79,No,6,9,68,67.30166666666668
6,77,No,6,1,60,67.30466666666668
4,99,No,5,3,80,82.1
9,81,Yes,9,5,78,78.54
9,41,Yes,9,2,41,38.472500000000004
7,96,Yes,7,2,89,87.07
9,96,No,5,9,91,94.12
3,87,Yes,7,6,66,69.44433333333335
6,61,No,5,3,49,49.46
1,77,No,7,5,50,52.17
6,57,Yes,4,5,42,44.64
2,54,No,4,4,30,28.773333333333333
8,63,No,9,0,57,58.875
2,52,No,6,0,26,28.31
6,53,No,5,5,43,39.55
3,79,Yes,7,5,60,60.92
4,81,No,4,7,62,63.66130952380952
1,54,No,9,6,24,31.953142857142858
2,86,No,6,5,61,62.12
7,81,No,6,0,70,70.34
5,77,Yes,4,5,61,62.3
2,42,No,4,7,18,15.88
9,60,No,4,6,54,56.40766666666667
3,82,Yes,6,0,59,60.22
5,47,No,4,9,31,32.57
9,79,No,9,2,77,77.73
9,86,Yes,8,3,87,84.04616666666665
7,91,No,6,6,81,82.99033333333333
1,40,No,6,3,12,13.23307142857143
2,61,No,7,8,39,38.86
1,68,No,4,1,38,40.66
6,57,Yes,6,5,42,45.47
7,83,No,5,7,74,75.43400000000001
8,73,Yes,5,2,69,67.55
7,95,No,4,4,85,84.08
2,60,Yes,9,7,40,38.309761904761906
9,62,No,7,3,59,57.12
7,68,No,8,3,61,57.84
5,58,No,8,8,47,46.28
6,42,Yes,6,6,32,28.233333333333334
4,93,Yes,6,9,75,76.1775
6,56,Yes,4,8,44,45.01250000000001
1,51,No,7,7,26,24.4
1,64,Yes,8,0,36,38.27433333333333
1,75,No,6,0,50,49.58
5,92,No,5,9,78,77.93
9,96,No,6,8,93,94.05
5,73,No,4,3,57,57.99
4,62,No,9,6,46,45.29666666666667
4,97,No,9,5,80,82.5275
3,48,No,5,0,24,27.173333333333336
9,63,No,9,5,62,62.90766666666667
9,56,No,4,3,51,51.97
2,97,Yes,8,7,75,75.28
2,62,Yes,5,3,34,38.73
4,94,No,5,9,75,76.1475
8,52,Yes,7,2,47,45.41
2,93,No,8,3,68,69.44
5,67,No,8,4,53,51.78
8,71,Yes,4,0,64,64.345
3,78,No,8,8,57,60.08857142857142
1,75,Yes,8,2,53,50.2
2,51,No,9,5,32,29.98
6,69,No,9,4,58,57.245
1,86,Yes,5,9,64,59.44200000000001
7,82,No,6,3,72,71.187
3,57,No,5,4,38,34.45666666666667
6,44,No,6,7,29,32.9575
7,56,No,9,2,49,46.81
2,66,Yes,4,0,45,43.19
6,93,No,8,5,85,83.09866666666667
5,89,No,9,0,75,76.14
4,85,No,9,4,65,66.94
5,88,No,4,8,73,74.29
5,70,No,7,8,57,55.19
3,40,Yes,5,4,19,19.320833333333336
5,76,Yes,8,5,63,63.81
6,90,Yes,9,7,84,80.6875
6,47,Yes,6,4,32,35.0815
1,94,Yes,6,4,70,68.84
6,70,No,5,7,56,58.95
6,73,No,9,3,60,64.26333333333334
8,47,Yes,6,8,42,43.38
9,40,Yes,4,4,35,36.13
5,60,No,7,3,44,45.19666666666666
1,62,Yes,5,4,37,35.494166666666665
9,92,No,7,0,85,89.33
8,78,No,7,0,72,72.972
7,98,No,8,5,91,88.46
8,44,No,5,1,32,36.900000000000006
5,91,Yes,4,8,75,75.5525
3,43,Yes,6,6,25,22.51
5,77,No,7,0,62,63.56
6,42,Yes,6,6,32,28.233333333333334
6,69,Yes,9,5,57,57.43
1,47,No,4,0,19,19.391000000000002
9,54,No,9,7,51,51.27916666666666
3,47,Yes,6,7,28,27.684166666666666
1,73,Yes,4,3,45,47.29
2,40,No,9,8,16,18.05
8,84,No,5,8,78,76.45
3,56,Yes,6,4,36,35.65
9,54,Yes,7,8,52,50.47
9,47,Yes,9,8,45,45.905833333333334
4,51,Yes,9,5,33,35.5475
9,43,No,8,6,39,40.80833333333334
7,99,Yes,6,7,96,90.07
1,66,Yes,5,9,42,42.38
3,61,No,6,7,43,42.529333333333334
1,98,Yes,5,8,73,73.414
2,79,Yes,7,9,57,55.7
5,51,Yes,6,4,36,36.5
9,68,No,8,2,70,65.855
9,87,Yes,7,6,84,85.47
8,96,No,4,3,90,87.97
3,94,Yes,6,5,74,73.16
5,46,Yes,5,1,29,32.92
2,92,No,4,1,69,65.89333333333333
9,71,Yes,9,5,71,68.64
6,81,Yes,4,7,71,69.62966666666667
2,61,Yes,6,7,42,38.27
5,85,No,8,9,68,71.626
8,51,No,5,6,47,44.85
5,89,No,7,9,76,76.19
9,41,No,6,2,36,37.47
2,98,No,9,6,78,78.036
7,67,No,9,1,59,56.71
6,44,Yes,4,0,29,28.44
3,54,No,4,6,34,32.4725
4,91,Yes,4,3,74,71.21
8,58,No,5,3,52,50.36916666666666
8,53,Yes,6,9,51,47.04833333333334
1,95,Yes,6,6,73,72.01866666666666
4,75,No,5,9,61,57.535
1,49,No,7,3,24,24.12
5,56,No,7,8,43,41.79
4,97,No,7,7,81,79.04
3,65,Yes,4,6,44,44.989
8,96,No,9,5,91,92.33
9,85,Yes,8,8,84,83.12333333333333
1,45,No,7,2,15,17.83
3,98,No,8,1,80,78.77733333333333
4,65,Yes,8,6,47,49.14016666666667
3,64,Yes,9,8,43,44.74850000000001
8,78,Yes,9,5,75,72.21490476190476
7,65,No,7,7,59,54.48
9,99,Yes,8,8,100,97.64
6,73,Yes,6,2,61,61.65
2,64,Yes,6,5,41,41.86333333333334
6,89,No,5,5,79,76.135
6,61,Yes,7,0,52,47.36666666666666
9,67,Yes,7,4,65,62.95
4,85,Yes,7,2,70,68.06
6,99,No,4,2,86,86.83
1,98,Yes,4,6,70,72.86580952380952
5,44,Yes,9,8,33,31.87
5,89,Yes,4,2,75,73.55
2,99,No,7,8,79,77.11733333333333
3,73,Yes,9,6,52,55.58
5,80,Yes,4,4,65,64.083
6,53,No,9,8,45,43.63
9,69,No,5,7,66,66.78
8,74,No,7,7,68,68.735
5,79,Yes,4,4,64,64.2
1,69,No,8,5,42,45.68
8,67,Yes,5,3,60,60.68
4,73,No,7,7,55,55.608000000000004
3,62,No,5,6,42,39.99
7,93,Yes,7,8,88,86.14
1,92,Yes,6,8,68,66.74
9,66,No,5,6,62,62.458666666666666
4,49,Yes,8,6,31,33.07383333333334
6,94,No,8,8,87,84.81983333333334
3,76,Yes,7,4,56,55.51333333333333
9,60,No,5,4,59,56.50333333333334
4,91,No,6,0,74,74.37
3,77,No,6,0,59,54.44666666666666
9,80,Yes,4,2,72,75.38
6,66,No,9,0,56,53.49
1,61,Yes,4,1,32,31.62
9,77,No,7,1,72,70.19
2,94,No,7,3,73,69.69
6,95,Yes,7,7,86,84.51799999999999
4,90,No,5,9,72,71.62
9,91,Yes,4,5,89,88.48083333333334
5,52,Yes,4,6,36,35.7
7,69,Yes,4,2,59,59.06
8,70,Yes,7,5,68,64.0325
5,47,No,9,4,36,33.752690476190466
3,70,No,9,6,51,51.022
6,89,Yes,7,6,79,79.44
4,64,Yes,8,3,48,45.96666666666666
3,59,Yes,8,5,38,41.26
5,79,No,8,5,65,65.485
9,75,No,9,0,74,72.15
7,45,Yes,6,6,38,35.22
4,89,Yes,7,1,72,72.69916666666666
7,84,Yes,9,9,77,77.63166666666666
1,98,No,9,0,72,71.205
2,68,No,5,9,45,45.59833333333333
7,46,Yes,9,8,41,38.255
6,76,No,6,4,67,66.02
3,46,Yes,9,9,28,28.85
6,60,No,8,7,50,48.53333333333333
5,70,Yes,6,9,58,57.66
1,89,No,6,8,61,64.54333333333334
4,79,No,4,7,64,62.30761904761905
5,87,Yes,6,1,72,72.81
1,58,Yes,8,8,34,33.9
2,42,Yes,4,7,19,15.57
6,54,No,7,3,43,41.16333333333333
9,87,Yes,5,9,79,84.46
6,77,Yes,6,6,67,66.47
4,44,Yes,6,9,29,27.08
4,67,Yes,6,3,49,49.53
6,54,Yes,5,5,44,41.57666666666667
9,77,No,7,1,74,70.19
9,46,No,7,3,41,40.66
3,73,No,5,5,52,51.0
8,92,Yes,5,5,85,84.9375
4,81,No,7,5,67,65.64200000000001
9,41,Yes,8,6,38,38.57833333333333
1,92,Yes,7,7,69,67.17000000000002
5,58,No,9,7,47,45.885
2,59,Yes,5,9,40,39.1375
4,48,No,8,2,30,29.62
6,77,No,6,4,70,66.32
6,77,No,4,7,66,66.275
2,81,Yes,7,6,60,58.740500000000004
1,43,No,6,9,17,17.02
6,93,Yes,9,6,86,84.19
7,65,Yes,4,8,53,56.493611111111115
7,68,Yes,7,5,60,59.4
5,51,Yes,7,1,38,36.69
5,66,No,6,5,51,51.84
1,66,Yes,5,6,41,40.54
4,97,No,4,3,77,79.17666666666668
1,87,No,6,1,63,60.574333333333335
4,87,No,5,9,68,72.81
1,94,No,4,5,67,68.06733333333332
3,88,No,8,7,69,69.02933333333334
8,46,No,9,5,39,41.12
4,77,Yes,9,7,62,60.805
5,61,Yes,9,4,50,48.17
3,98,Yes,8,3,77,80.01166666666666
5,51,No,7,1,32,35.655
4,57,No,4,3,37,37.55
8,89,No,8,7,82,84.13333333333333
1,56,Yes,8,5,31,32.45
9,40,Yes,9,4,37,39.2
1,71,Yes,6,5,50,45.22
9,71,No,7,5,68,67.39
1,52,Yes,6,6,25,26.695500000000003
6,62,Yes,9,2,53,50.98
5,98,Yes,6,3,81,83.91
9,95,No,6,0,90,91.75
6,66,No,8,8,58,55.8
8,43,Yes,4,5,35,34.47
7,45,Yes,6,6,38,35.22
9,54,Yes,6,7,52,51.0175
8,96,No,9,6,95,93.13
5,85,No,4,5,73,71.365
4,47,No,8,6,28,30.346666666666664
8,77,Yes,5,8,69,71.5
6,62,No,5,9,49,47.74833333333334
4,40,Yes,4,7,24,23.27
1,95,Yes,6,0,67,69.50819047619048
6,68,No,9,7,57,58.59
1,94,Yes,7,3,66,69.45166666666667
5,60,No,8,8,46,46.07666666666667
7,66,No,4,4,57,55.11
2,62,Yes,9,4,40,39.7
1,83,No,4,5,56,57.0
4,91,No,9,5,80,76.75
6,54,Yes,8,7,46,44.19083333333334
6,64,No,6,3,49,52.42
8,55,No,5,5,49,46.97416666666667
2,75,No,6,0,49,51.11
7,64,No,4,5,50,54.022166666666664
7,50,Yes,7,4,45,41.14
1,48,Yes,7,6,25,21.61
7,57,No,6,9,53,50.83666666666666
7,94,No,4,2,81,83.5
5,60,Yes,9,3,48,46.193999999999996
3,77,Yes,4,1,56,54.62
3,72,Yes,4,0,50,48.7
4,63,Yes,9,1,42,45.8
2,46,No,6,6,24,21.68
3,81,No,9,9,63,63.54
1,83,Yes,5,8,63,57.88
3,79,Yes,8,4,60,60.845
1,86,No,6,6,61,60.356666666666676
1,89,No,6,9,66,65.72
5,60,No,8,0,46,46.47725
2,73,No,7,0,51,51.85
3,97,Yes,7,1,74,76.09966666666666
9,85,Yes,9,6,87,85.12333333333333
8,88,No,4,4,78,82.4495
7,48,No,4,2,36,40.28
3,95,No,8,7,76,74.1675
5,42,No,4,2,23,25.56533333333333
5,50,Yes,8,3,38,37.086
9,96,Yes,8,9,95,97.49
6,52,No,4,4,35,36.71
5,71,No,9,6,59,57.92
8,56,Yes,6,3,50,50.61666666666666
3,73,Yes,6,8,53,51.96
2,47,No,9,1,25,23.42
4,84,No,9,1,67,65.94
9,86,No,7,0,84,83.0
8,40,No,8,3,34,33.81
1,70,Yes,4,0,44,41.62
1,55,Yes,8,1,29,28.605833333333337
3,86,Yes,9,4,67,67.72883333333333
1,63,No,9,6,41,39.14
9,96,Yes,7,4,95,93.96
3,66,Yes,7,3,44,45.68
7,53,No,5,9,40,44.73733333333334
3,58,No,8,6,40,39.86
1,41,No,7,3,12,15.695
5,40,Yes,4,8,24,24.769000000000002
3,67,No,4,3,45,45.835
3,93,Yes,4,1,72,72.52
7,79,Yes,4,2,67,68.93833333333333
8,76,No,6,8,66,70.21
7,70,No,8,9,62,60.87
3,98,No,6,4,79,78.33933333333334
8,59,Yes,8,0,51,52.77
9,77,Yes,4,8,74,73.39866666666667
5,77,Yes,8,0,62,62.59
3,58,No,5,6,37,39.61
4,81,Yes,9,8,67,66.32
3,73,Yes,4,6,55,51.73333333333333
1,46,No,8,9,19,21.46
8,93,Yes,9,8,91,88.685
9,78,No,9,3,74,76.16
1,65,Yes,6,7,38,40.86
6,89,No,4,5,78,75.85083333333333
6,45,Yes,8,3,38,33.4
2,54,Yes,8,1,30,30.663333333333334
2,68,Yes,7,2,46,45.47
6,85,Yes,9,1,76,74.2
5,82,Yes,6,7,72,67.64683333333333
9,79,Yes,6,8,77,77.68
3,63,No,8,8,42,44.04933333333334
1,56,No,6,4,31,29.38333333333333
2,90,Yes,7,6,64,68.12666666666667
4,63,Yes,5,9,49,46.64666666666666
8,49,Yes,5,7,44,44.71
9,49,No,5,3,41,44.48
3,75,No,8,1,55,56.58333333333334
8,86,Yes,8,4,80,82.37
8,41,Yes,5,5,33,33.03
4,89,No,7,8,72,74.43
5,67,No,6,6,51,52.37333333333333
1,77,Yes,7,4,51,53.14333333333334
2,70,No,6,8,50,48.1
7,45,Yes,7,0,34,35.090666666666664
2,60,Yes,5,4,33,38.244499999999995
1,45,No,8,5,21,19.42
6,73,Yes,5,6,61,59.74
9,50,No,7,8,45,47.21761904761904
1,57,Yes,9,1,33,29.011333333333337
8,48,No,8,2,42,39.85
6,59,Yes,7,7,48,47.71
9,82,No,7,3,79,78.725
3,40,No,4,6,19,19.86
4,76,Yes,9,1,57,59.73
8,57,Yes,8,5,52,52.83
5,56,No,9,5,42,41.6
1,42,Yes,6,0,17,16.4525
1,89,No,9,7,63,66.1
8,72,No,9,6,70,66.66
8,47,No,9,0,40,37.471666666666664
9,83,No,8,0,80,77.935
3,75,No,5,6,56,54.48
5,79,No,5,1,65,63.12000000000001
7,90,Yes,7,2,85,82.10733333333333
2,97,Yes,9,4,74,74.89166666666667
1,60,Yes,7,8,39,35.47
9,53,Yes,4,9,48,48.44
3,78,No,7,3,59,58.60466666666666
5,57,Yes,9,2,43,42.71
7,67,Yes,8,6,61,59.97
2,99,No,7,6,79,77.02333333333334
7,62,Yes,7,2,60,53.42
5,86,Yes,8,2,71,71.8
3,43,Yes,7,2,21,21.79133333333333
3,62,Yes,6,6,44,41.79
4,70,No,8,7,56,54.96
9,86,Yes,6,4,83,83.435
3,76,Yes,6,2,54,56.11
4,63,No,5,5,45,45.265
1,87,Yes,9,4,64,63.995
5,62,No,6,9,48,49.55833333333333
8,69,Yes,4,4,61,61.78
5,48,Yes,8,6,35,33.27
1,65,No,8,9,39,42.15
1,90,No,9,9,65,66.92
5,62,Yes,4,7,47,49.14
8,87,Yes,4,9,79,83.59
2,43,Yes,7,8,21,23.753333333333334
4,70,Yes,6,8,53,52.82392857142857
6,56,No,5,7,47,45.80833333333333
5,94,Yes,7,8,79,80.035
8,79,No,6,5,75,73.91433333333333
3,66,No,7,8,45,45.077
2,45,Yes,6,0,19,19.73
2,50,Yes,7,5,28,26.87366666666667
5,77,Yes,5,8,61,64.11
8,85,No,6,9,78,79.72
1,96,Yes,6,6,67,73.14
1,87,Yes,4,4,63,60.8
8,73,Yes,6,5,66,67.76
5,92,Yes,8,8,81,79.607
4,68,Yes,5,6,50,51.444333333333326
4,83,No,7,8,64,65.58800000000001
5,90,Yes,8,3,78,76.18333333333334
9,93,Yes,6,7,93,90.851
3,67,Yes,7,4,49,47.4
3,41,No,9,8,23,21.483666666666668
3,56,Yes,7,6,34,35.4
3,76,Yes,5,9,56,55.97
8,88,Yes,5,6,82,83.436
4,79,No,6,6,61,63.89380952380952
9,47,Yes,7,1,44,46.950500000000005
5,89,Yes,4,0,72,73.77
8,92,No,4,4,83,84.43333333333332
8,84,No,7,7,78,78.29
4,50,No,5,6,33,34.36
8,62,No,6,8,53,58.31
9,69,Yes,4,6,67,65.66
8,94,No,8,6,92,88.42
5,78,No,8,1,65,61.51
9,69,Yes,4,9,65,66.12
3,61,No,6,3,41,37.32
9,67,Yes,9,7,68,65.285
9,90,No,8,9,92,88.27
7,54,Yes,7,7,45,46.33333333333334
1,58,No,4,0,32,31.25
4,71,Yes,8,2,55,54.54
1,61,Yes,7,7,37,35.1
5,62,Yes,7,2,46,47.33833333333334
5,71,Yes,8,3,55,58.27666666666667
7,49,No,6,6,43,37.38
4,64,Yes,8,8,48,49.17
2,44,No,8,8,28,22.31
5,74,No,4,4,57,58.98
7,98,No,8,9,90,93.9
5,67,No,4,5,50,51.97
2,57,No,6,1,36,31.527571428571427
6,64,Yes,7,4,49,53.32
2,78,No,9,1,58,55.924642857142864
4,72,Yes,7,0,54,57.075
6,46,No,7,8,39,34.16
7,94,Yes,7,4,86,85.65
1,40,No,6,0,15,12.964500000000001
9,42,Yes,7,5,40,40.701
5,95,Yes,4,4,81,81.23
9,85,No,5,2,81,80.705
3,46,No,7,7,26,26.14
4,87,Yes,9,2,72,71.94666666666667
3,73,No,8,1,53,52.23
7,99,Yes,9,3,92,90.53714285714287
4,96,No,6,2,81,77.09
2,53,No,4,7,29,28.796
2,46,No,9,5,23,23.31
4,54,No,5,2,33,35.59
7,80,Yes,4,9,75,70.98
3,85,Yes,5,2,66,65.28
4,98,Yes,4,1,79,79.57
6,43,Yes,6,8,30,31.554595238095235
9,92,No,8,5,90,89.71
5,92,No,6,6,74,78.58
5,52,No,5,6,33,35.62583333333333
9,60,No,7,4,57,57.64
7,80,Yes,5,8,71,70.89833333333333
1,46,No,8,8,24,21.165
4,71,No,5,5,49,54.309333333333335
3,67,Yes,8,9,48,49.44
5,74,Yes,4,6,60,59.315
5,51,No,7,5,37,37.41
1,40,No,4,3,15,13.182
5,62,Yes,9,4,47,46.897
8,40,No,8,7,34,35.05
8,64,No,6,2,56,56.285
5,60,No,9,0,49,46.46824999999999
1,92,Yes,9,6,68,68.535
2,92,Yes,6,6,70,69.94
5,49,No,5,5,33,32.775
8,58,No,5,1,49,50.3425
2,75,No,4,9,51,50.67
2,78,Yes,4,5,57,54.4
7,43,No,6,4,36,33.25
6,75,No,4,2,60,61.66
5,41,Yes,9,6,29,28.639999999999997
6,52,Yes,6,6,43,38.53
6,95,No,5,6,82,81.02
4,80,No,9,6,64,65.31
9,63,Yes,8,7,64,60.87641666666667
9,62,Yes,8,9,60,58.08
7,93,Yes,5,2,87,85.77
5,77,Yes,5,6,61,64.2
5,54,No,8,2,40,40.41
5,68,Yes,9,4,56,55.37
5,76,No,9,3,62,63.01
4,81,Yes,5,4,63,62.45
4,49,No,6,4,29,30.10833333333333
6,56,No,5,9,41,45.267833333333336
8,54,Yes,5,4,47,47.6
1,46,No,6,6,20,20.58
8,79,Yes,6,4,71,73.90666666666667
2,64,Yes,4,2,42,41.00666666666666
9,57,No,4,4,51,53.272000000000006
1,40,No,5,9,10,14.31
9,81,Yes,7,3,78,78.94666666666667
7,60,Yes,9,3,52,49.57
